id,year,month,day,record_type,text
acdf2096275061f2019bb708822c5aa9,2023,08,25,message,"Dear sir 
Good day to you. #helloworld We are Wholesale manufacturer and exporter in customized soccer uniform,baseball uniform and sports wear and undergarments etc.


1. We are expert team of managers, merchandisers, designers and most of all great professional stitching labour.

2. fast turnaround time.

3. artworks within 12-24hours.

4. warranty on our made goods

5. unbeatable quality and unbeatable prices

6. wide range of customization

7. we offer free samples

Feel free to tell us if you need any customized artwork or customized sample.

Hoping to hear from you soon on my offer!

Thank you so much!

asquareindustry524@gmail.com

Regards:
Asquareindustry 
Also contact us on WhatsApp: +923321208372"
0dd4388f06e4c5987e1f83e94e35a968,2016,04,13,post,Post to test EDITED Date...
4876e877b782dee565680606864c346d,2016,04,13,comment,Comment made by same property..
3c10b56783e0dea5ed710cbb546703fe,2021,07,15,message,Test
d58ad698de39413c98cab75982a98447,2021,07,16,message,Reply from milad
2819018a31c93f1210a8e5f6d6798d8f,2023,08,31,message,"Hello Sir/Madam

We are here to introduce our company WillPak Industries as a Manufacturer and Exporter of custom made T-SHIRTS, SHORTS, CAPS, SPORTSWEAR, SOCCER UNIFORM, BASEBALL UNIFORM,FITNESS WEARS, and FIGHT/WRESTLING WEARS.

We can customize your logos at arts as per your requirements. 
Our company producing and exporting high quality products with a lead delivery of time at very fair prices around the globe.

We can send you samples to show you our quality, If you are interested in any of our product please let us know.

Best Regard, 
Bilal Jahangir

Email Us: willpakind@gmail.com"
b5ed52393e4fa91db489e93ee2dd8bd0,2024,01,17,message,What do you have orders for me?
1e9f3a3ae819ffbaee879d2da411fe4b,2023,11,28,message,Hey player ‚ù§Ô∏èü•∞
90d695d4130dfdd372ca18f3dafa63bf,2016,04,08,comment,This is a comment to the post to test for historic capture.....
0e76c135a664d4c534dad078519a480d,2016,04,08,comment,Comment 2
7e5923df4565d7f6400f268b3b63736e,2024,02,16,comment,Has anyone seen a lost cat around where I live at 125 Queen St? Call me on 0412 015 190
b49c8c1cf9fd6b08b7fae0e69689a0d8,2023,09,12,message,"I Really would like to introduce MILANDA SPORTS a manufacturing company of customized soccer uniform, Rugby uniform, American Football uniform, Base ball uniform, Volleyball uniform Basketball uniform,Polo Casual wear & fitness wear based in SIALKOT PAKISTAN 

I would also like of offer our products to your Club, if you have interested. Of course samples will be provide to check the quality of our products 
Looking forward to hearing from you soon.
Kind regards 
Mr Safian"
7f91a679b38270fdd98ef4ff5304d808,2021,07,06,message,New test
7b9fad49bdfb80824b2f22e0d9acbaac,2024,01,17,message,Hello sir
e623dc1e826b50593d8bce942ffe5994,2018,09,25,message,test message
2373152486a20c2c0eeb7ad5d12add45,2016,04,08,post,PARENT FACEBOOK POST......
6cb3de97e99ea3b11d5775369ef1bff5,2016,04,08,comment,Comment 1
980ed2e5fa9927029bcd0c6d58882744,2018,11,08,comment,comment from ladoo test
1fea36cdbbd315403280da8703f6be2f,2018,08,28,message,reply with image
579a8d096af3a2a92f271b2b52f8f0f4,2019,08,20,comment,comment
d424cd6d2382be6a43516b2320ec6bda,2019,07,02,comment,Comment
c731a5212afa5f5235ee59f31617634b,2019,06,28,post,Instant again
570d337860eb932ca31378215a329114,2019,06,24,post,new Post
714f431ef05fdc762e9fdb013191fc21,2020,05,04,comment,4th reply
3ee19b06f966f1b26f40b4e20f86c0b6,2020,05,04,comment,5th reply
5f8d898c4a2c6609eb0fa5b41ee175b3,2019,06,29,post,gif photo
da5a932b0d2eb5bbdffda882f27596fc,2021,07,09,post,Text Post
31c348f4bbf261aa74f7eac5aa731271,2021,07,15,post,After Profile Update post
710251b48c735f4016c529ec611be8eb,2020,05,12,comment,comment with an image
b0ad761584ba7588f3a8db370a24d966,2022,02,01,comment,Yes it is
5df19d615e15b0ac23b7fffa626ea05a,2022,01,31,comment,test comment 2
d9a718d46a6b4633993facac2c22fed4,2021,07,06,post,Simple text with an image
c0f880870b252d805be56941adb8d521,2022,02,01,comment,This is too terribly bad
6a638f7f61f9e0413febb931bf03be11,2022,04,28,comment,Video Comment 1
2b148f470afa6caebe13a61f8ff0cdde,2022,04,28,comment,Image Comment 6
a3e5b2521d32274b85715259f9db8862,2022,04,28,comment,"Keyword Trigger ""lorem"" 9"
bbff2311c4996322b3bae86b93c498d5,2022,02,01,comment,I am confused again
f98a32c774e2c4759d10c884d3498017,2022,04,28,comment,"Keyword Trigger ""lorem"" 18"
aa966178582392d6145915b9aa0cabc1,2016,02,03,post,Hi Jerry Im making this post to check Live data....
3e7a8210fd16d6c78c80bb60153411ae,2022,04,28,comment,"Keyword Trigger ""lorem"" 6"
5f04714d013f67a3d84e115d4710d1dc,2022,04,28,comment,"Keyword Trigger ""lorem"" 2"
a49a0dc1b5ca2bf13e6d5969ac74884f,2022,02,01,comment,yes it is
238cf239b74ebca30848d13dd0092907,2022,01,31,comment,test comment 4
c9d8a38586e2d06c4e9aae602e21327e,2016,02,03,post,"this is a plain text to test with gap in between as displayed

This  is the end line after a Long empty space in between................"
482dc0b2e123cd43ea92c43cc08aed9f,2022,03,04,comment,This is fantastic
9a09b4cd7cdd40e0c71fbf3e994827f2,2022,04,27,comment,"Triggering Keyword list with ""ipsum"" followed by Unhide"
9bf441b264eb54d08b318543c63aac36,2022,04,27,comment,"Triggering Profanity filter with ""cunt"""
b25f5b56e2d5f20aaa45d7e555cde5e4,2022,04,28,comment,"Keyword Trigger ""lorem"" 22"
4519319dcbc05eadb476cae81dabe44d,2022,04,28,comment,"Profanity Trigger ""fuck"" 10"
dbe2ef2b0291275393e4b012c692ecae,2022,04,28,comment,"Keyword Trigger ""lorem"" 5"
d86291dd35497651518ec8cea8a812c9,2022,07,26,comment,This is a reply to LadooTest Brol
4042c4d01eded4b1f74f2348bfe22bcc,2022,04,28,comment,"Profanity Trigger ""fuck"" 5"
00356f2ae1cd17f7bcfa1cc5fc532efd,2022,04,28,comment,"Profanity Trigger ""fuck"" 24"
46655953ba0294870e619ad7906f527a,2022,04,28,comment,"Keyword Trigger ""lorem"" 30"
bde81043886a722aa2e78e45be0efeb2,2022,04,28,comment,"Keyword Trigger ""lorem"""
c16a7e85d46b8868b1fc031ade897195,2022,04,28,comment,"Keyword Trigger ""lorem"" 25"
d767b25c17b47cd73e10bb8aa81a37df,2022,04,27,comment,"Triggering Keyword list with ""lorem"""
0b13bb979d9f5522218eee717c7e0157,2022,04,28,comment,"Profanity Trigger ""fuck"" 7"
70946634269d5649c705bbf68280ae54,2022,04,28,comment,Video Comment 2
ad209ce143beb4a86e268bbd23db4f52,2022,04,28,comment,"Profanity Trigger ""fuck"" 4"
33ef860ccdaa94e352034635d27851e5,2022,05,24,comment,in 48 hours
04cff53372e46c48d25da68a917e2c4e,2022,04,28,comment,Image Comment 3
4c6cddfb859c7ed3f6853ad78cc2bef6,2022,04,28,comment,Regular Comment with Profile Picture 6
af809de5edde48678d36f75c832078e8,2022,04,28,comment,"Profanity Trigger ""fuck"" 23"
a22683b3f2a57558bf69dac207c583b8,2022,04,28,comment,"Profanity Trigger ""fuck"" 21"
c1af2e2a48ba7324bd339a843b9a684d,2022,04,28,comment,"Keyword Trigger ""lorem"" 3"
94414c9072abead7bc656a301d537371,2022,04,28,comment,"Keyword Trigger ""lorem"" 26"
18fc0f29b091fd1d0507c58766e1e897,2022,04,27,comment,"Try Triggering Keyword list with ""L0r3m"""
b6ea6d02c457d9d70bf34f3cded37f82,2022,04,28,comment,Regular Comment with Profile Picture 3
ddcc0aca5c0d1f2f3442ff55d22604f8,2022,08,12,post,"Engagement Test 2022-08-12
Image Test"
5c733e6f9d80bf26ab9ee91d1436ec08,2022,04,28,comment,"Profanity Trigger ""fuck"" 1"
a2e88d3fee005dc93369a9057154e1d6,2022,04,28,comment,Video Comment 4
c884a118bb06f9e4928abd184ad950be,2022,04,27,post,Actions test
c73c823b15264edd0b76139b1e128ead,2022,04,27,comment,"Triggering Keyword list with ""ipsum"""
fd51304b903b5d7006f58b2cbc6282e6,2022,04,27,post,"Action test 2 
Profanity Filter ON
Keyword Trigger list: ""lorem"", ""ipsum"", ""shit"", ""üí©"""
c87cb32a7b56992a17528e9467ed74e3,2022,04,28,comment,Link Comment https://cultofthepartyparrot.com/ 2
8f2a409b6656500d6b22307c66884a5e,2022,05,24,comment,new comment after unblock
7f0aaadbfe44f424d9e2ac6c085fda83,2021,07,06,post,Test single video
5b8c33e1d6d1a19e58f3ecd87ad65ab3,2022,04,28,comment,Link Comment https://cultofthepartyparrot.com/ 1
cef556072cb2cdccad1fa5be24cf11b6,2023,12,12,comment,Test comment on old post
ca08c6c57e6e5023b04c4fb1f5369bac,2022,04,27,comment,"triggering profanity filter list with ""fuck"""
3ea5db7ec9405a5306ea5141077562c4,2022,04,28,comment,Image Comment 5
d59321c7a5846cce3bcb0ef7041478d4,2022,02,01,comment,New comment
003e438378f18fb59d3b66d56cec9d4a,2022,04,28,comment,"Profanity Trigger ""fuck"" 18"
19636b61b31fb8be1a3e1ba2ad713dd9,2022,04,28,comment,Regular Comment with Profile Picture 4
ab841d862abd5faef6f9c5eec5276255,2022,04,28,comment,"Keyword Trigger ""lorem"" 1"
03a332eedeab4ff739b6d7115470d342,2023,07,11,comment,can you see me?
43ac61034e614d2df9083b914f60f38b,2023,12,12,comment,"Sel Automation Example reply to comment, test hide from audience"
0a9021c555b3facb2c617504b1dd50b1,2022,02,01,comment,This is terrible!
e32f942ab5a6e51c54774f161c99f4d4,2022,04,28,comment,Image Comment 2
a31ff5a34595ec128e9fede6c418aaf7,2022,04,28,comment,"Keyword Trigger ""lorem"" 19"
818dfa67e4275e3230361716b0f6fbd9,2022,02,01,comment,new comment
c277c41a1e0d2b31f0b9fbbe813d1889,2022,07,26,comment,"Attempt to trigger link filter (external link)
https://www.google.com/"
605c0f14fc9e277408bdf96a18f01325,2024,02,26,comment,"Invest in Bitcoin today, trade on bitcoin today, cause it's taking over the global market"" for our investors a certified verified platform for you to secure your investmentsüëâ http://hash-rise.com is the platform "" If you're a vendor pls contact me +2348142626746, I need one."
b94831b13c4e9948a12337a23e4cc40c,2022,04,22,message,hi how are you hope you are fine so we are manufacture and producer of sportswear stuff with customize logo and brand with unique design according to the customers requirement and even we can do customize many other apparel so do you have interest in it if you
bfa178a6b6895c2af6530ad9e2989a9f,2018,11,08,message,reply from ladoo test
7028dbba1b512aa378dfa5363869099c,2018,08,08,message,message from send message button 1
7faa2a97eaf5a036a0793394fc14b651,2016,04,08,comment,Reply 2
84180454f9e5a6b8af7825bd018bc26c,2016,04,08,comment,Reply 1
4994bbf4b593d4a6db8babc0ed7fbfc4,2016,04,08,post,This is a Post to test historic data capture after connecting to property....
21c9e34ad84989979f897004f486ac8a,2024,02,16,post,Brolly Protect Testing
cba04a2c46a95cfcbbacb6ac0d7d0ac7,2016,04,13,post,Post to test capture of comments....
cebd38f181c63160f70859c5fecd1849,2016,04,08,comment,This is a reply to the comment to test historic capture
4fdf30d1e0155951e00287ac6008e754,2023,09,30,message,Hi
79d17bab95a332faef3a9ff9032a8b49,2020,09,19,message,hy
00765c07be842203cbbda0e50a6a8c97,2024,01,17,message,"We are Manufacture and first oldest Supplier of Sports & Casual wear products, we have our industry and all digital facilities like Sublimation, Embroidery, etc."
1fa46b4c72ecba51d208f25034ccc02d,2019,07,18,message,https://edition.cnn.com/
7bf54cdef5b01d6963d89fecb2146284,2023,10,21,message,"Hi

We're specialists in premium brand clothing.
With strategic courier partnerships and competitive rates,
We're eager to enhance your product line. Let's discuss further.

üì≤92 332873 9275
üìß info@seswiftenterprises.com
üñ• https://seswiftenterprises.com/"
56af32a3bb1e721a34ed622a1b4bccdb,2019,09,13,message,Hi back
3723386472e65633719bba1780aff868,2022,02,01,comment,This is terribly bad!
638f1fca68574cc90178b7b4b672bfb5,2022,01,31,comment,test comment 3
f94e7dc282cf1eb412e2d26f225ed197,2021,05,13,comment,I love him too :)
6c25ba11b44c06b3e567712b587a3659,2019,06,25,post,"https://www.abc.net.au/news/2019-06-25/cricket-world-cup-australia-v-england-live-blog/11244642
https://www.bbc.com/"
6dac1f22433722d0498a4f521ce88175,2019,06,28,post,Watch this
29be0fe166c5dbbe39af1adc9da13fc6,2019,08,20,comment,comment
44f5db63451e668cfc8afaa5c85baf71,2019,09,16,post,Testing if screenshots work
456c8af1cdb63efcdea9750cc0965537,2020,05,04,comment,third reply
c8a65f4286e045fe1a6f10ef6d93c424,2020,03,30,comment,comment edited for the nth time time 2
f5b5d7c18c74e1b80745dde6351e0f16,2020,05,04,comment,new comment
49ce7d8ebbaecdc5e719b986e8bcc20a,2019,08,23,comment,Reply
fe0e42d29d8589dd8cdd65936a394b29,2020,05,12,comment,new comment
59c0c782f318136966546a85cdca55ec,2024,02,16,comment,"Invest in Bitcoin today, trade on bitcoin today, cause it's taking over the global market"" for our investors a certified verified platform for you to secure your investmentsüëâ http://hash-rise.com is the platform "" If you're a vendor pls contact me +2348142626746, I need one."
2c14cb81946904e43d6af81fe14ff9ca,2024,02,26,comment,Has anyone seen a lost cat around where I live at 125 Queen St? Call me on 0412 015 190
03bd4b94751b952ec024383b03f862e2,2019,02,07,post,editibg
b896ef6593077c5edf3c3387584adb8c,2019,06,29,post,Gif - edited again
428a821a76052f4446331632ff3d4737,2019,07,02,comment,Reply
e8580de844490f4ac3ca67b12b90f813,2018,08,28,post,attachment
5a1a9b2cd2fd2d8291c2c00edf1d370e,2021,07,06,post,"Three images with a link
https://www.kmart.com.au/category/home-&-living/home-by-category/storage-&-organisation/kitchen-storage/jars-&-canisters/252157"
48a6d370b81c616a45e07b52c6f1832c,2019,08,23,comment,Comment
bb9dc85762fe68ab1d73ab46845c0321,2021,07,15,post,New Profile Pic
a4b6334a3ce06b920ff4948a67206332,2021,07,06,post,Send us a message
ff12bf520b7b360b04b763d00b05c5a2,2021,07,09,post,Yoo-hoo!
3e95639668c0119ced82ee925590f647,2021,07,06,post,Donate please
b261da05371953a2345a8af82ea9866b,2022,02,01,comment,What do you mean?
d483dbaef01c58015249119cfbaff5d9,2021,07,06,post,Simple text
14da2e7ded8b5b105d3653b2fae4e1b6,2022,02,01,comment,This is awesome!
8403c049207f8e4613b27154e1f94a02,2022,02,01,post,This is a new post
f2f1d3830cc4cb2b0a91a556cf166346,2022,01,31,comment,test comment 1
9aae9ab05c2922d6a13ffd74a205f44c,2022,04,27,comment,Manual Hide Incoming
94f4175abb9859fb49323b8357169fef,2022,04,28,comment,Link Comment https://cultofthepartyparrot.com/ 5
7863cce8772c426f081fdb5c23963a25,2022,04,28,comment,Video Comment 5
735a498165137335c9d8571456364e55,2022,04,28,comment,Image Comment 1
dab8331615b6159dcb497d536f2243d2,2022,04,27,comment,"Triggering Profanity List with ""fuck"""
78b817472da15794a19dc8da1af63d9a,2022,04,28,comment,"Keyword Trigger ""lorem"" 10"
015969a2aa22e1a67f1b4852d119a688,2022,04,27,comment,Regular Create
90fd93ec630c7429bde016fe87e19159,2022,04,28,comment,"Profanity Trigger ""fuck"" 22"
fce50c483129a3f4304a9170b16f65a6,2022,04,28,comment,"Profanity Trigger ""fuck"" 11"
5cf36e2966a17e516cf124a7b157c4cb,2022,04,27,comment,A very profane comment
500c2aa6f657f041321aefa33e0fb126,2022,04,27,comment,"Triggering Profanity and Keyword list with ""lorem"" ""fuck"""
1653d7ae6c35007d93e775f2b138e5f3,2022,04,28,comment,"Profanity Trigger ""fuck"" 13"
0ffd243c92fbc390ae828830d891fb43,2022,04,28,comment,"Keyword Trigger ""lorem"" 24"
f4a3578b3e74cff1458481e0a2292a7e,2022,04,28,comment,"Profanity Trigger ""fuck"" 28"
451ce9ae6e8dfe7737504923e5eb3978,2022,04,28,comment,"Keyword Trigger ""lorem"" 21"
3a7c659dce9be72f5e39a5c6673d4ab4,2022,04,28,comment,"Keyword Trigger ""lorem"" 20"
c8cc89e30a22885cd384405e49e4c427,2022,04,28,comment,Video Comment 3
dfe06f4d4996049584af1e5b2d8ba04a,2022,05,24,comment,getting blocked again soon
7b16ec607c2dac7628ddb454bc8732cc,2022,04,28,comment,"Keyword Trigger ""lorem"" 13"
06d9d4523b6de37986cf2a9102dc5baf,2022,04,28,comment,"Profanity Trigger ""fuck"" 2"
7c66e381b51565297142c9a33dc00a68,2023,06,21,comment,"We are manufacturer and supplier of all types of leather goods support wears club wear streetwear wear medical wear apparel and hosiery products from Sialco Punjab Pakistan, contact for all types of related products.
    Whatsapp: +923107210024
    Thanks,
    Have a nice day."
cf5cacf473096e5fcbf3ac18f86d0e91,2022,04,28,comment,"Profanity Trigger ""fuck"" 30"
9ffd4ad2152a6ea507993245e36bee8b,2022,04,28,comment,"Profanity Trigger ""fuck"" 12"
c889445ca367e22318f48decee31090d,2022,04,28,comment,"Profanity Trigger ""fuck"" 26"
557cb886c3e0240e0bbce78a1430fe40,2022,04,28,comment,"Profanity Trigger ""fuck"" 15"
fccff302cefe85697dea8058673a90da,2022,04,28,comment,"Keyword Trigger ""lorem"" 7"
a7e3ebff9db8c9f3c6289a7b8367c556,2022,04,28,comment,"Keyword Trigger ""lorem"" 23"
74406f49a7d5ecdb6d55312b9750d44f,2022,04,28,comment,"Profanity Trigger ""fuck"" 17"
4731d5ef714b559a732f1b874485b8e7,2022,08,12,post,"Engagement Test 2022-08-12
Video"
7da9f5d29be344facc99a8048bc38631,2021,07,06,post,Test single video
8ec79dc5bf8202b0fbecb9bb1ca50cf7,2022,05,24,comment,Last word before getting blocked 0524
746e9838d0e1f0f02f65bfe4d801a0db,2022,02,01,post,New Post
2dfe595618775143dbde7995611d6087,2022,04,28,comment,"Keyword Trigger ""lorem"" 28"
4ffe8e35971e834f53ecdecdd8b3dd34,2022,04,27,comment,Manual Hide Unhide Incoming
b2cef964abecbd65f74160d8fb8d2cf8,2021,08,09,post,https://www.bbc.com/news/science-environment-58141129
afab686fa929f0bd3ad11377d8644558,2022,07,26,comment,"Internal Mention
Sel Automation Example"
c30a87d9ec24b779381f4a6a2fb08384,2023,08,14,comment,Hello version 17!
f6b44f22f4f7a86a8440d0511d0ce0da,2022,04,28,comment,"Profanity Trigger ""fuck"" 14"
9d2db41e0ce63ef6e75eedd2c951b50a,2022,02,01,comment,This is bad
4b0f54c424cc5589946b373767ee57ef,2022,04,28,comment,Regular Comment with Profile Picture 2
234a252a6fe591572ce8c8eb74d76762,2022,02,01,comment,Amazing
36a738a03cb940a849512c66f56c16ca,2022,04,28,comment,"Keyword Trigger ""lorem"" 8"
d4d5f92e03909ba13bae132914d06f51,2022,04,28,comment,"Keyword Trigger ""lorem"" 27"
76de7bb3ecd606013a054dabf6ed1e87,2022,07,26,comment,This is another reply
f9f3a46a3f2bfcf4217aaf964ab485b4,2021,07,16,message,New message after webhook upgrade
50e222a102bc57e9cd570aa18628efb6,2023,06,27,message,"Hi Dear ,
                        We hope you will be fine and also happy see your clothing brand, we also manufacture clothing brands in custom logo good quality and good price if you need manufacturer so please contact me.
     Thank you."
91d7022c377a2d755c41a7fb4a33a51a,2023,06,27,message,Hlo
02228df6db794b2c6d39c32865f1ac7d,2020,09,19,message,"Hi soccer, 
This is Muhammad Arshad sale manager at expodian sports. 
We are one of the largest  sportswear manufacturer in pakistan. We provide customized, sportswear, like basketball uniformsüéΩ football üèàüëï soccer uniforms‚öΩ baseball uniforms, and related apparel products, reliable quality and enjoy a good reputation in the world. If you need these products, please reply us with your requirement information. We will give you the best price!!. Waiting for your reply!!
If you get more information, then please visit Expodian company.
www.expodiansports.com"
26ca4ee67bbd0d9a5fc63834e766196c,2023,09,14,message,"Urooj Sports wear are manufacturer and supplier of all kind of sports wears in customize design for College and School Teams, For Clubs and Shops.
Soccer football in just 11.89$ with fast service. We also have special rates for 300pcs, 500pcs and 1000pcs. Feel free to contact us for any kind of information"
cd6af4ac8576af61552221d71b44d648,2024,01,24,message,"We *BURAK SPORTS* Manufacturer & Exporter of Sports Products

The Molten AFC Champions League Football is a special football designed for the AFC Champions League.

Specifications of the football:

‚ú®Number of Panels: 
The football consists of 32 panels. Providing a consistent performance on the field.

‚ú®Cover Material: 
The cover of the football is made of PU (Polyurethane) leather. PU leather is known for its durability, abrasion resistance, and ability to withstand various weather conditions.

‚ú®Bladder: 
The football is equipped with a latex bladder. Latex bladders offer excellent responsiveness and rebound, contributing to the ball's overall performance.

‚ú®Construction: 
The football features ACENTEC construction. 
Designed to enhance the ball's performance, durability, and stability.

Contact Us:
Wa.me/+923055895491"
2d8ad462fdbf46953951f2c03b501c12,2019,07,08,message,üòú
08671a4cf3674567d4c8c0ca89aca062,2020,09,07,message,H I coach game
3a2b2f6755e510ce16abad5df0566263,2023,08,21,message,"Dear Soccer Club Team,

Good day!

I am writing to briefly introduce you to my startup company, Samna Ideals International, a business that is focused on leading manufacturer, exporter & Supplier of Sports Uniforms, Custom Sublimated Team Uniforms, Soccer Uniforms, American Football Uniforms, Baseball Uniforms, Basketball Uniforms, Goalkeeper Uniforms, Volleyball Uniforms, AFL Uniforms, ICE hockey, Cricket Uniform, Lacrosse Uniform, Rugby Uniform, Outdoor Sportswear, etc.

Samna Ideals International will continue its endeavors to supply top quality sports products to its customers serving them with utmost honesty, commitment and reliability in alignment with TQM and Lean Production Principles.

We look forward to working with you in the future.

Sincerely,


Sameer Akram
Manager Marketing
Samna Ideals International
Call/Whatsapp
+923275430932
samnaidealsintl@gmail.com
Bismiallah chowk, Chowni Sulehriya road, Sialkot, Pakistan."
72b7f169c2b0d40ac0b063e908d63eee,2020,03,02,message,"Dear Sir/Madam
   We would introduce ourselves as  manufacturer of custom products. We also have more than 15 years experience in manufacturing of these products.
 Our Main Products  :Sports Wears, Fitness wears, Boxing / Martial arts & MMA Clothing and equipments,Work wears and Safety wears.

 We really hope hearing from you very soonThanks

Managing Director.   Umer Butt

Web                        www.burhansports.com                                                        

Email : burhansportsintl@gmail.com"
959361cb8818262c558bd69eae426117,2019,08,22,message,hello sir how are you
f4a08cd4c1fd5347cc187becf8533865,2019,08,22,message,"Respected Sir,

                     We are manufacturer and wish to introduce you to our new ranks for 2019 shahwali Sports   is leading manufacture of football products and sporting good in Pakistan shahwali Sports have well established in Pakistan. 


We will respect  your request your demand with excellent quality at reasonable price. Please give us a Chance to serve you.


Our Manufacturings

Soccer ball, uniform, football boots, sportswear, tracksuits, glove, karate suite, etc.

Socks & Sports

MAY GOD BLESS YOU. 

MALIK  ASAD"
67d8519abd04074277820c47cfe358e1,2024,02,07,message,I want to  trail but i  live at south africa
39810410fe3d0b71d1a2367ebcc91ad3,2023,08,08,message,hi
416a17e37ca298c4b985de9c2ba3df32,2023,08,08,message,"Hi. Are you interested in Singlets, Hoodies, T-shirts, Polo shirts, Pants, caps, Jumpers, Bucket Hats with your customise logo on them?? shakir butt . 0092-3444420729"
c06b6198e95b5d2a73c37b99186bbd30,2019,09,13,message,Salam Aleikom
161a13de2266fde2b7a3e6351c9df09f,2022,03,04,message,This is terrible
f701bcc39b7924994fd72d8007003a6b,2019,09,19,message,Hi
250a2f52aba2a591b83f44b3bb40319e,2022,08,24,message,Hi
c34394e980af8089f78c2d506748f034,2019,06,28,post,Instant edited
b1d198d8022cea39d1012b3e6e795491,2016,04,08,comment,Reply 2
1cdf1c231f3dca52fa8fce92ee13bca8,2019,06,28,post,https://www.youtube.com/watch?v=s7O3oCWZgjE
90c7294f574318085225c954fc4f8e71,2019,06,25,post,"https://www.bbc.com/sport/live/cricket/47483182

https://edition.cnn.com/‚Ä¶/dementia-risk-drug-stu‚Ä¶/index.html"
8e09518fbdecc61c65280ca4190c6a98,2019,06,26,post,asd
d139e0078a7ccdedd73be1b1bc4b38c4,2021,07,06,post,Call
32fefa36faeac323812049367871fc3d,2022,02,01,comment,I am extremely confused
698a249316cc5fda63c1af3ff2ad8b62,2021,05,13,post,I wish I were as good of a soccer player as Leo Messi
c729a894e8e760a71af7262b926a2ae0,2021,06,23,post,I wish too!
df43ab0594af0aaa26d7f2cf8c9c165e,2022,01,31,comment,This is all great
25ec56ac44170d06168323d00f6bfdf7,2021,07,15,post,Post
c2ae2e50379fe22d7fdfd1706895b21a,2021,07,15,post,After webhook upgrade
b61c58f4a4ade67eeab32a3e92405ba0,2021,07,15,post,Test Post
d7d3df1c653fddb5a0ff22e9f1d0a8e7,2021,07,06,post,"Simple text with a link
https://www.bbc.com/news/world-latin-america-57720222"
a03d69e6b54f3e84301168906df6fc98,2021,07,06,post,Two images
c42229b455a537d5b8d3b9b72a985bb9,2020,04,28,comment,Second reply
15efca21454485380b1f9896276e584c,2020,05,04,comment,new comment from Milad
e36645fc27862fa7b0c67e49c278a228,2021,07,06,comment,üòÄ
3d874ef6b85b384f0cd0a16387045692,2022,04,28,comment,"Keyword Trigger ""lorem"" 16"
05206a76011190cd930581f5c9a61202,2016,02,03,post,This is a Post to test for Edits..........
e39c5dccfa2cc6ec3fa32b9a70d2d2ce,2016,02,03,post,This is a text with multiple URLs to test
5231813553d412727924de27e3592a09,2022,04,28,comment,"Profanity Trigger ""fuck"" 29"
28ecd0f3b5723641e4e38f303e7a8c58,2022,04,28,comment,"Keyword Trigger ""lorem"" 17"
0affae318257221de440f7f9efbc929f,2022,04,28,comment,"Profanity Trigger ""fuck"" 27"
e978ce0a19f0acc1b39964a3f6e3e6c2,2022,04,28,comment,Regular Comment with Profile Picture 5
58c823fb305d587e63c3603fef8dcc3c,2022,04,28,comment,"Keyword Trigger ""lorem"" 11"
01e581f1638e2282902ee194756f2f7a,2022,04,27,comment,manual hide incoming
edd3b07d989724bc467c919ea5814af1,2022,04,28,comment,"Profanity Trigger ""fuck"" 16"
f4c59661f18dbf63d9db29439e1b19f8,2022,08,11,comment,Soccer Club audience comment #2
68f05cfcceb0d6f96e0d3cc5c8922c76,2022,08,12,post,"Engagement Test 2022-08-12
YouTube Video Link
"
134dd469aeda1022f844634d60b3012e,2022,04,28,comment,"Profanity Trigger ""fuck"" 25"
48fbacd8db06e1efa32552432647d782,2022,04,28,comment,"Profanity Trigger ""fuck"" 9"
e79cb5da05c05a98fd11b627340016de,2022,05,24,comment,Last word before getting blocked
14e4530b5f97a0d4e227372314c6bba6,2022,04,28,comment,"Keyword Trigger ""lorem"" 15"
424358b2c9273a48ea61c4f90354d300,2022,04,27,comment,"trigger keyword hide list with ""profane"""
c27d1b216468efac732fe100a02e39c5,2022,07,26,comment,"Attempt to trigger link filter (internal link)
https://www.facebook.com/profile.php?id=100011213673113"
7997cc928196cb7459c75465903b9fca,2022,04,28,comment,"Profanity Trigger ""fuck"" 19"
9e963344d76761d09f78b466e6b0e5ad,2022,08,11,comment,audience comment #1
8fc1ab0e4e53ff5d4333322baeda16f5,2022,08,11,comment,admin comment
225672c54628a63e849c440841fa63fb,2022,04,28,comment,"Profanity Trigger ""fuck"" 6"
cf04473ef547f9746dbfb42665d820ef,2022,04,28,comment,"Keyword Trigger ""lorem"" 14"
d95994ad4d5806e70c6d08ffdbbbbb25,2022,04,27,comment,"trigger keyword hide list with ""profane"" again"
ed4cb5661dc39c8d269f8d2bfb3783ed,2022,04,28,comment,"Profanity Trigger ""fuck"" 20"
67a5b6da774a6dd0d16257dca66d35c8,2022,04,28,comment,Link Comment https://cultofthepartyparrot.com/ 3
53876030d610ee4032d5bfdfe08a3c45,2022,04,28,comment,"Keyword Trigger ""lorem"" 4"
d05bcd1468a5e0238bfdbc0065feab6f,2022,04,28,comment,"Profanity Trigger ""fuck"" 3"
152c36ed56bb8d43c0c221b97ea9ba64,2022,04,28,comment,Link Comment https://cultofthepartyparrot.com/ 4
7b11e5139269e9f8be80d82adcfd8713,2022,04,28,post,"Action test 3
Profanity Filter ON
Keyword Trigger list: ""lorem"", ""ipsum"", ""shit"", ""üí©""
No Profile Icon Block: OFF (for now)
Link Block: ON
Image Block: ON
Video Block: ON"
fbd9330aaeefa66459178de18e2c0009,2022,04,28,comment,"Keyword Trigger ""lorem"" 29"
8d074bed3709cdd143d0ad6b3ba47d09,2022,04,28,comment,Image Comment 4
fc72c285445263673689af21ba926c26,2022,04,28,comment,"Profanity Trigger ""fuck"" 8"
5571f898a325ab8c4f349fcaeb3849a8,2022,08,12,post,"Engagement Test 2022-08-12
Link Test
"
edd818edd8c2192e6cb13813bcae9c52,2022,02,01,comment,Perfect
5b65822c0532c32d8c0c7c083cb56f97,2022,04,28,comment,Regular Comment with Profile Picture 1
2d0a996d59684012e7034533d1c0dd6a,2022,04,28,comment,"Keyword Trigger ""lorem"" 12"
038dd987ae96500f2ac0d2ebc8a390a5,2022,08,11,post,Reactions Test 2022-08-11
845af8061b1ffaa47107978bd43c0188,2016,02,03,post,"This is a post to test live data,,,,,,,"
5ce496475bfa0f4abea27e6298c507eb,2022,07,26,post,Internal External Link Block Test 2022-07-26
4993dca0cd18a2288312cc702d7314de,2023,08,14,post,Hello version 17
